title,body,label
"Fix crash on null input","This PR fixes the null pointer crash in login flow",bug
"Add user analytics","Introduced Mixpanel events to track user sessions",feature
"Refactor Auth flow","Cleaned up AuthService and removed legacy code",refactor
"Update README","Improved installation instructions",documentation
"Fix memory leak issue", "This PR fixes the memory leak on the developer pod", bug
"Add new service for the devOPs tool integraion", "Adding service initial change", feature
"Add new service for the devOPs tool integraion", "Adding service intermediate change", feature
"Update the document related to feature", "Add instructions", documentation
"Refactor code flow","Cleaned up AuthService and removed legacy code",refactor
"Fix customer issue on vulnerability not matching","This PR fixes on vulnerability not matching",bug
"Fix crash on null pointer","This PR fixes the null pointer crash in login flow",bug





